{
 "dipole": {
  "primary_metric": "compMAE",
  "primary": {
   "seeds": [
    0,
    1,
    2,
    3,
    4
   ],
   "delta_tda_per_seed": [
    0.00028618439661635964,
    0.0001056342791581899,
    6.342921366200849e-05,
    1.3803611262172555e-05,
    0.000366698240780311
   ],
   "delta_tda_mean": 0.00016714994829580831,
   "delta_tda_std": 0.00015169540891579093,
   "probe_r2_tda_per_seed": [
    -0.020392839131677887,
    -0.017956314686162322,
    -0.01385285423555871,
    -0.008212415215402613,
    -0.023503314719161228
   ],
   "probe_r2_tda_mean": -0.01678354759759255,
   "probe_r2_random_mean": -0.015404111618625838,
   "probe_r2_shuffled_mean": -0.015698432926547216,
   "tda_vs_null": {
    "mean": 0.00016714994829580831,
    "ci": [
     -2.120477964772795e-05,
     0.00035550467623934455
    ],
    "p": 0.06940173060874397
   },
   "tda_vs_random": {
    "mean": 5.96093172452628e-06,
    "ci": [
     -7.523456479703582e-05,
     8.715642824608839e-05
    ],
    "p": 0.8484353294881131
   },
   "tda_vs_shuffled": {
    "mean": -3.427761152053352e-06,
    "ci": [
     -0.00010482657008638319,
     9.797104778227648e-05
    ],
    "p": 0.9297361197495658
   },
   "sensitivity_delta_mean": 1.023707235583149e-05,
   "frac_small": 0.0016545085357599456
  },
  "secondary": {
   "seeds": [
    0,
    1,
    2,
    3,
    4
   ],
   "delta_tda_per_seed": [
    7.306940540853513e-05,
    0.006936016958892233,
    0.0005481149444858113,
    -3.6330725947483766e-05,
    6.778425922240872e-05
   ],
   "delta_tda_mean": 0.0015177309684123008,
   "delta_tda_std": 0.003037370513679291,
   "probe_r2_tda_per_seed": [
    -2.5811019255842876e-05,
    -0.0001745242450827226,
    -6.335492303710666e-05,
    -4.329082962143775e-06,
    -8.889367528075454e-06
   ],
   "probe_r2_tda_mean": -5.538172757317828e-05,
   "probe_r2_random_mean": -2.8297154790726254e-05,
   "probe_r2_shuffled_mean": -3.595883371921626e-05,
   "tda_vs_null": {
    "mean": 0.0015177309684123008,
    "ci": [
     -0.0022536626476289557,
     0.005289124584453558
    ],
    "p": 0.3264313159184821
   },
   "tda_vs_random": {
    "mean": 0.0004962687886395895,
    "ci": [
     -0.0035932661179418146,
     0.004585803695220994
    ],
    "p": 0.7531101494348452
   },
   "tda_vs_shuffled": {
    "mean": -0.0007722468520456355,
    "ci": [
     -0.004893911751746989,
     0.0033494180476557186
    ],
    "p": 0.6303868503757376
   },
   "frac_small": 0.0016545085357599456
  }
 },
 "polar": {
  "primary_metric": "Frob",
  "primary": {
   "seeds": [
    0,
    1,
    2,
    3,
    4
   ],
   "delta_tda_per_seed": [
    -0.0010661435035714817,
    0.03824021951034373,
    -0.0007995856689451131,
    0.07149718804101779,
    0.047677574530035294
   ],
   "delta_tda_mean": 0.031109850581776045,
   "delta_tda_std": 0.03166218320863643,
   "probe_r2_tda_per_seed": [
    -0.1306968794042065,
    -0.18077908288154043,
    -0.01967929727702311,
    -0.2772193757792367,
    -0.12666097431244705
   ],
   "probe_r2_tda_mean": -0.14700712193089077,
   "probe_r2_random_mean": -0.14524004553300743,
   "probe_r2_shuffled_mean": -0.1464819331453737,
   "tda_vs_null": {
    "mean": 0.031109850581776045,
    "ci": [
     -0.008203942412919621,
     0.07042364357647171
    ],
    "p": 0.09295683458360368
   },
   "tda_vs_random": {
    "mean": 0.0035446995256874837,
    "ci": [
     -0.03249763161085008,
     0.03958703066222505
    ],
    "p": 0.7983262777427087
   },
   "tda_vs_shuffled": {
    "mean": 0.002813993836674403,
    "ci": [
     -0.03301431385568056,
     0.038642301529029366
    ],
    "p": 0.8380515247094227
   },
   "sensitivity_delta_mean": 0.007747404355237464,
   "frac_small": 0.04278258253741445
  },
  "secondary": {
   "seeds": [
    0,
    1,
    2,
    3,
    4
   ],
   "delta_tda_per_seed": [
    -0.0027162532970184117,
    0.011410295061828446,
    0.0013046222500137095,
    0.03611542446232674,
    0.0015752839689731069
   ],
   "delta_tda_mean": 0.009537874489224718,
   "delta_tda_std": 0.015741863449117887,
   "probe_r2_tda_per_seed": [
    -0.0002034714536411908,
    -0.00019862543057408422,
    -0.00019837735144995206,
    -0.00020832966988890145,
    -0.0003335083127294358
   ],
   "probe_r2_tda_mean": -0.00022846244365671287,
   "probe_r2_random_mean": -0.00019897698227674512,
   "probe_r2_shuffled_mean": -0.00020925393117294912,
   "tda_vs_null": {
    "mean": 0.009537874489224718,
    "ci": [
     -0.010008230620184733,
     0.02908397959863417
    ],
    "p": 0.2469418454264453
   },
   "tda_vs_random": {
    "mean": 0.0005704840677682912,
    "ci": [
     -0.01167216200367358,
     0.012813130139210161
    ],
    "p": 0.9033040862790271
   },
   "tda_vs_shuffled": {
    "mean": -0.0037863882661104227,
    "ci": [
     -0.015247024486814097,
     0.007674247954593253
    ],
    "p": 0.41089477888087395
   },
   "frac_small": 0.04278258253741445
  }
 },
 "holm_family": {
  "dipole tda-vs-null": {
   "p": 0.06940173060874397,
   "p_holm": 0.4164103836524638
  },
  "dipole tda-vs-random": {
   "p": 0.8484353294881131,
   "p_holm": 1.0
  },
  "dipole tda-vs-shuffled": {
   "p": 0.9297361197495658,
   "p_holm": 1.0
  },
  "polar tda-vs-null": {
   "p": 0.09295683458360368,
   "p_holm": 0.46478417291801843
  },
  "polar tda-vs-random": {
   "p": 0.7983262777427087,
   "p_holm": 1.0
  },
  "polar tda-vs-shuffled": {
   "p": 0.8380515247094227,
   "p_holm": 1.0
  }
 },
 "holm_note": "family = the 6 primary-basis tda-vs-control tests; Holm threshold for the smallest is 0.05/6 = 0.0083"
}