{
 "dipole": {
  "primary_metric": "compMAE",
  "primary": {
   "seeds": [
    0,
    1,
    2,
    3,
    4
   ],
   "delta_tda_per_seed": [
    0.0038912195666666663,
    4.311650866666667e-05,
    0.0023613025666666663,
    0.00057296703,
    0.00097685308
   ],
   "delta_tda_mean": 0.0015690917503999996,
   "delta_tda_std": 0.001556557669360626,
   "probe_r2_tda_per_seed": [
    -0.27136250336964923,
    -0.01227120558420817,
    -0.09774641195933025,
    -0.03517397244771322,
    -0.039916793505350746
   ],
   "probe_r2_tda_mean": -0.09129417737325032,
   "probe_r2_random_mean": -0.01672295252482096,
   "probe_r2_shuffled_mean": -0.016407432556152343,
   "tda_vs_null": {
    "mean": 0.0015690917503999996,
    "ci": [
     -0.0003636298687730516,
     0.003501813369573051
    ],
    "p": 0.08725072801287977
   },
   "tda_vs_random": {
    "mean": 0.0013719534599199998,
    "ci": [
     -0.0005444541942431283,
     0.003288361114083128
    ],
    "p": 0.11776621442056741
   },
   "tda_vs_shuffled": {
    "mean": 0.0013805699078,
    "ci": [
     -0.0005167501658083662,
     0.003277889981408366
    ],
    "p": 0.11346435313433405
   }
  }
 },
 "polar": {
  "primary_metric": "Frob",
  "primary": {
   "seeds": [
    0,
    1,
    2,
    3,
    4
   ],
   "delta_tda_per_seed": [
    0.014932828442978163,
    0.044331118236067134,
    0.002047468184417367,
    0.041503781850886025,
    0.03869542322857766
   ],
   "delta_tda_mean": 0.02830212398858527,
   "delta_tda_std": 0.01875685281951771,
   "probe_r2_tda_per_seed": [
    -0.15984673156635346,
    -0.16913592011551515,
    -0.03252268033993355,
    -0.2328975708274028,
    -0.1104777527408864
   ],
   "probe_r2_tda_mean": -0.14097613111801827,
   "probe_r2_random_mean": -0.1482455002096183,
   "probe_r2_shuffled_mean": -0.1477176117480677,
   "tda_vs_null": {
    "mean": 0.02830212398858527,
    "ci": [
     0.005012415122983317,
     0.051591832854187225
    ],
    "p": 0.02794028195663996
   },
   "tda_vs_random": {
    "mean": -0.0011990368380518728,
    "ci": [
     -0.05171204890999072,
     0.049313975233886975
    ],
    "p": 0.950615928103844
   },
   "tda_vs_shuffled": {
    "mean": -0.0003105132808536609,
    "ci": [
     -0.050433902762883516,
     0.0498128762011762
    ],
    "p": 0.9871007833446945
   }
  }
 },
 "holm_family": {
  "dipole tda-vs-null": {
   "p": 0.08725072801287977,
   "p_holm": 0.4362536400643988
  },
  "dipole tda-vs-random": {
   "p": 0.11776621442056741,
   "p_holm": 0.4538574125373362
  },
  "dipole tda-vs-shuffled": {
   "p": 0.11346435313433405,
   "p_holm": 0.4538574125373362
  },
  "polar tda-vs-null": {
   "p": 0.02794028195663996,
   "p_holm": 0.16764169173983975
  },
  "polar tda-vs-random": {
   "p": 0.950615928103844,
   "p_holm": 1.0
  },
  "polar tda-vs-shuffled": {
   "p": 0.9871007833446945,
   "p_holm": 1.0
  }
 },
 "family_label": "MLP probe",
 "holm_note": "family = the 6 primary-basis tda-vs-control tests; Holm threshold for the smallest is 0.05/6 = 0.0083"
}