{
 "dipole": {
  "primary_metric": "compMAE",
  "primary": {
   "seeds": [
    0,
    1,
    2,
    3,
    4
   ],
   "delta_tda_per_seed": [
    0.00030438339439776974,
    0.00010688143353337898,
    6.269785751607249e-05,
    9.55114705547544e-07,
    0.0003717828899929415
   ],
   "delta_tda_mean": 0.00016934013802914205,
   "delta_tda_std": 0.00016034878449283928,
   "probe_r2_tda_per_seed": [
    -0.022705886729564195,
    -0.0180963421143574,
    -0.013898542863838959,
    -0.007828359747068747,
    -0.02385918466458592
   ],
   "probe_r2_tda_mean": -0.017277663223883043,
   "probe_r2_random_mean": -0.016860868463037575,
   "probe_r2_shuffled_mean": -0.016806557269812616,
   "tda_vs_null": {
    "mean": 0.00016934013802914205,
    "ci": [
     -2.975917483135089e-05,
     0.000368439450889635
    ],
    "p": 0.07753996330227328
   },
   "tda_vs_random": {
    "mean": -3.1026962052299056e-05,
    "ci": [
     -0.0001446002653232477,
     8.25463412186496e-05
    ],
    "p": 0.49039074590024667
   },
   "tda_vs_shuffled": {
    "mean": -2.9540341877463132e-05,
    "ci": [
     -0.00014344974648488183,
     8.436906272995555e-05
    ],
    "p": 0.5113401003350225
   },
   "sensitivity_delta_mean": 9.28683789044038e-06,
   "frac_small": 0.007024140783635407
  },
  "secondary": {
   "seeds": [
    0,
    1,
    2,
    3,
    4
   ],
   "delta_tda_per_seed": [
    0.00029574699152104533,
    0.006521961758520212,
    0.0006564495099868339,
    -8.0214987698779e-05,
    9.656984902793597e-05
   ],
   "delta_tda_mean": 0.0014981026242714495,
   "delta_tda_std": 0.002821727318394866,
   "probe_r2_tda_per_seed": [
    -2.8251845816636607e-05,
    -0.00017816984491318225,
    -7.838090425401252e-05,
    1.8822159508768976e-07,
    -8.639062564652633e-06
   ],
   "probe_r2_tda_mean": -5.865068719067926e-05,
   "probe_r2_random_mean": -2.5850158897435806e-05,
   "probe_r2_shuffled_mean": -3.480208683726893e-05,
   "tda_vs_null": {
    "mean": 0.0014981026242714495,
    "ci": [
     -0.0020055345997275127,
     0.005001739848270412
    ],
    "p": 0.30084547846741766
   },
   "tda_vs_random": {
    "mean": 0.0004192604218927425,
    "ci": [
     -0.002991081735149828,
     0.003829602578935313
    ],
    "p": 0.750031524609009
   },
   "tda_vs_shuffled": {
    "mean": -0.0006239833038281389,
    "ci": [
     -0.004002568166955111,
     0.0027546015592988336
    ],
    "p": 0.6351269720896131
   },
   "frac_small": 0.007024140783635407
  }
 },
 "polar": {
  "primary_metric": "Frob",
  "primary": {
   "seeds": [
    0,
    1,
    2,
    3,
    4
   ],
   "delta_tda_per_seed": [
    -0.0010661435860961355,
    0.037920896708438345,
    -0.0007861935822228716,
    0.07513813809339975,
    0.05209857589767086
   ],
   "delta_tda_mean": 0.032661054706237994,
   "delta_tda_std": 0.03341417402748338,
   "probe_r2_tda_per_seed": [
    -0.13069687926759443,
    -0.18013037645031116,
    -0.02470468923988245,
    -0.28154325974293704,
    -0.13317002251496046
   ],
   "probe_r2_tda_mean": -0.1500490454431371,
   "probe_r2_random_mean": -0.14887976741886183,
   "probe_r2_shuffled_mean": -0.1487350051871039,
   "tda_vs_null": {
    "mean": 0.032661054706237994,
    "ci": [
     -0.008828122213403476,
     0.07415023162587947
    ],
    "p": 0.09414623109131888
   },
   "tda_vs_random": {
    "mean": 0.0029077233159844436,
    "ci": [
     -0.03361961998008369,
     0.03943506661205257
    ],
    "p": 0.8359034192367433
   },
   "tda_vs_shuffled": {
    "mean": 0.0030311072605391856,
    "ci": [
     -0.03346889693243373,
     0.039531111453512104
    ],
    "p": 0.8289634592002644
   },
   "sensitivity_delta_mean": 0.007747404355237464,
   "frac_small": 0.04278258253741445
  },
  "secondary": {
   "seeds": [
    0,
    1,
    2,
    3,
    4
   ],
   "delta_tda_per_seed": [
    0.018554992789478142,
    0.01136321006049279,
    0.0019467123531500263,
    0.09714734111470769,
    0.05820454601699243
   ],
   "delta_tda_mean": 0.03744336046696421,
   "delta_tda_std": 0.03966279376408339,
   "probe_r2_tda_per_seed": [
    -0.0002000205597172955,
    -0.00019891151713175015,
    -0.00023830597858315317,
    -0.00023542917529689733,
    -0.0002697348507642028
   ],
   "probe_r2_tda_mean": -0.00022848041629865978,
   "probe_r2_random_mean": -0.00021469901358991072,
   "probe_r2_shuffled_mean": -0.00021899319558837393,
   "tda_vs_null": {
    "mean": 0.03744336046696421,
    "ci": [
     -0.011804502618078985,
     0.08669122355200741
    ],
    "p": 0.10238155035343187
   },
   "tda_vs_random": {
    "mean": -0.00047056476698735295,
    "ci": [
     -0.00902125901210663,
     0.008080129478131923
    ],
    "p": 0.8859582562321973
   },
   "tda_vs_shuffled": {
    "mean": -0.0018078684865465541,
    "ci": [
     -0.010440625203578111,
     0.006824888230485004
    ],
    "p": 0.5921333210150002
   },
   "frac_small": 0.04278258253741445
  }
 },
 "holm_family": {
  "dipole tda-vs-null": {
   "p": 0.07753996330227328,
   "p_holm": 0.4652397798136397
  },
  "dipole tda-vs-random": {
   "p": 0.49039074590024667,
   "p_holm": 1.0
  },
  "dipole tda-vs-shuffled": {
   "p": 0.5113401003350225,
   "p_holm": 1.0
  },
  "polar tda-vs-null": {
   "p": 0.09414623109131888,
   "p_holm": 0.4707311554565944
  },
  "polar tda-vs-random": {
   "p": 0.8359034192367433,
   "p_holm": 1.0
  },
  "polar tda-vs-shuffled": {
   "p": 0.8289634592002644,
   "p_holm": 1.0
  }
 },
 "holm_note": "family = the 6 primary-basis tda-vs-control tests; Holm threshold for the smallest is 0.05/6 = 0.0083"
}